player_id,first_name,last_name,display_name,short_name,country,country_flag,amateur,position,total,total_sort,thru,score,score_sort,current_round,player_state,tee_time,course_id,group_number,back_nine,movement_direction,movement_amount,total_strokes,official,projected,round_1,round_2,round_3,round_4
59095,Chris,Gotterup,Chris Gotterup,C. Gotterup,USA,USA,False,1,-20,-20.0,F,-9,-9.0,4.0,COMPLETE,,669,22.0,False,UP,11,264,12,6,66,68,68,62
39977,Max,Homa,Max Homa,M. Homa,USA,USA,False,2,-19,-19.0,F,-7,-7.0,4.0,COMPLETE,,669,24.0,False,UP,6,265,72,49,67,66,68,64
25900,Lucas,Glover,Lucas Glover,L. Glover,USA,USA,False,T3,-18,-18.0,F,-2,-2.0,4.0,COMPLETE,,669,27.0,False,DOWN,-2,266,119,88,63,65,69,69
54628,Lee,Hodges,Lee Hodges,L. Hodges,USA,USA,False,T3,-18,-18.0,F,-2,-2.0,4.0,COMPLETE,,669,27.0,False,DOWN,-2,266,123,92,64,66,67,69
36884,Ben,Kohles,Ben Kohles,B. Kohles,USA,USA,False,T3,-18,-18.0,F,-3,-3.0,4.0,COMPLETE,,669,27.0,False,CONSTANT,0,266,140,100,65,67,66,68
59143,Mac,Meissner,Mac Meissner,M. Meissner,USA,USA,False,T6,-17,-17.0,F,-7,-7.0,4.0,COMPLETE,,669,21.0,False,UP,13,267,79,68,67,70,66,64
60019,Jackson,Suber,Jackson Suber,J. Suber,USA,USA,False,T6,-17,-17.0,F,-2,-2.0,4.0,COMPLETE,,669,26.0,False,DOWN,-3,267,85,78,68,64,66,69
52375,Doug,Ghim,Doug Ghim,D. Ghim,USA,USA,False,T6,-17,-17.0,F,-3,-3.0,4.0,COMPLETE,,669,26.0,False,CONSTANT,0,267,98,87,69,65,65,68
51287,Ryo,Hisatsune,Ryo Hisatsune,R. Hisatsune,JPN,JPN,False,T9,-16,-16.0,F,-4,-4.0,4.0,COMPLETE,,669,24.0,False,DOWN,-1,268,43,38,67,65,69,67
24024,Zach,Johnson,Zach Johnson,Z. Johnson,USA,USA,False,T9,-16,-16.0,F,-3,-3.0,4.0,COMPLETE,,669,25.0,False,DOWN,-2,268,200,160,64,70,66,68
40058,Zac,Blair,Zac Blair,Z. Blair,USA,USA,False,T9,-16,-16.0,F,-1,-1.0,4.0,COMPLETE,,669,26.0,False,DOWN,-6,268,160,132,63,68,67,70
45522,Christiaan,Bezuidenhout,Christiaan Bezuidenhout,C. Bezuidenhout,RSA,RSA,False,T12,-15,-15.0,F,-6,-6.0,4.0,COMPLETE,,669,17.0,False,UP,15,269,95,89,68,68,68,65
45609,Tyler,Duncan,Tyler Duncan,T. Duncan,USA,USA,False,T12,-15,-15.0,F,-5,-5.0,4.0,COMPLETE,,669,19.0,False,UP,7,269,188,162,66,66,71,66
66417,Blades,Brown,Blades Brown,B. Brown,USA,USA,False,T12,-15,-15.0,F,-4,-4.0,4.0,COMPLETE,,669,24.0,False,CONSTANT,0,269,-,-,69,66,67,67
45242,Kevin,Yu,Kevin Yu,K. Yu,TPE,TPE,False,T15,-14,-14.0,F,-5,-5.0,4.0,COMPLETE,,669,17.0,False,UP,12,270,128,115,66,72,66,66
36799,Stephan,Jaeger,Stephan Jaeger,S. Jaeger,GER,GER,False,T15,-14,-14.0,F,-5,-5.0,4.0,COMPLETE,,669,18.0,False,UP,12,270,80,75,64,72,68,66
23108,Matt,Kuchar,Matt Kuchar,M. Kuchar,USA,USA,False,T15,-14,-14.0,F,-4,-4.0,4.0,COMPLETE,,669,20.0,False,UP,4,270,141,131,72,66,65,67
32102,Rickie,Fowler,Rickie Fowler,R. Fowler,USA,USA,False,T15,-14,-14.0,F,-3,-3.0,4.0,COMPLETE,,669,23.0,False,DOWN,-3,270,33,28,70,69,63,68
57900,Chandler,Phillips,Chandler Phillips,C. Phillips,USA,USA,False,T15,-14,-14.0,F,-2,-2.0,4.0,COMPLETE,,669,25.0,False,DOWN,-7,270,114,106,69,67,65,69
66416,Preston,Stout,Preston Stout,P. Stout,USA,USA,True,T15,-14,-14.0,F,-2,-2.0,4.0,COMPLETE,,669,25.0,False,DOWN,-7,270,-,-,66,69,66,69
33597,Harry,Higgs,Harry Higgs,H. Higgs,USA,USA,False,T21,-13,-13.0,F,-4,-4.0,4.0,COMPLETE,,669,16.0,False,UP,6,271,190,173,67,68,69,67
54591,Ben,Griffin,Ben Griffin,B. Griffin,USA,USA,False,T21,-13,-13.0,F,-4,-4.0,4.0,COMPLETE,,669,16.0,False,UP,6,271,31,31,69,65,70,67
37338,Zecheng,Dou,Zecheng Dou,Z. Dou,CHN,CHN,False,T21,-13,-13.0,F,-4,-4.0,4.0,COMPLETE,,669,18.0,False,UP,6,271,117,111,67,69,68,67
36326,David,Lipsky,David Lipsky,D. Lipsky,USA,USA,False,T21,-13,-13.0,F,-3,-3.0,4.0,COMPLETE,,669,19.0,False,DOWN,-2,271,74,71,67,65,71,68
32640,Troy,Merritt,Troy Merritt,T. Merritt,USA,USA,False,T21,-13,-13.0,F,-2,-2.0,4.0,COMPLETE,,669,22.0,False,DOWN,-9,271,196,178,66,66,70,69
33141,Keegan,Bradley,Keegan Bradley,K. Bradley,USA,USA,False,T26,-12,-12.0,F,-7,-7.0,4.0,COMPLETE,,669,7.0,False,UP,29,272,69,69,70,69,69,64
60004,Jacob,Bridgeman,Jacob Bridgeman,J. Bridgeman,USA,USA,False,T26,-12,-12.0,F,-4,-4.0,4.0,COMPLETE,,669,15.0,False,UP,11,272,11,12,67,70,68,67
58168,Davis,Thompson,Davis Thompson,D. Thompson,USA,USA,False,T26,-12,-12.0,F,-3,-3.0,4.0,COMPLETE,,669,17.0,False,UP,1,272,93,94,69,69,66,68
55851,Pontus,Nyholm,Pontus Nyholm,P. Nyholm,SWE,SWE,False,T26,-12,-12.0,F,-2,-2.0,4.0,COMPLETE,,669,20.0,False,DOWN,-7,272,129,127,68,66,69,69
40006,Erik,van Rooyen,Erik van Rooyen,E. van Rooyen,RSA,RSA,False,T26,-12,-12.0,F,-2,-2.0,4.0,COMPLETE,,669,20.0,False,DOWN,-7,272,137,133,70,69,64,69
31646,Emiliano,Grillo,Emiliano Grillo,E. Grillo,ARG,ARG,False,T26,-12,-12.0,F,-2,-2.0,4.0,COMPLETE,,669,21.0,False,DOWN,-7,272,105,103,70,66,67,69
63121,William,Mouw,William Mouw,W. Mouw,USA,USA,False,T26,-12,-12.0,F,-1,-1.0,4.0,COMPLETE,,669,22.0,False,DOWN,-14,272,107,105,66,68,68,70
48887,Matt,Wallace,Matt Wallace,M. Wallace,ENG,ENG,False,T33,-11,-11.0,F,-6,-6.0,4.0,COMPLETE,,669,8.0,False,UP,22,273,86,86,67,71,70,65
61522,Michael,Brennan,Michael Brennan,M. Brennan,USA,USA,False,T33,-11,-11.0,F,-4,-4.0,4.0,COMPLETE,,669,12.0,False,UP,11,273,102,102,66,68,72,67
59866,Nick,Dunlap,Nick Dunlap,N. Dunlap,USA,USA,False,T33,-11,-11.0,F,-4,-4.0,4.0,COMPLETE,,669,12.0,False,UP,11,273,171,163,67,72,67,67
59006,Davis,Chatfield,Davis Chatfield,D. Chatfield,USA,USA,False,T33,-11,-11.0,F,-3,-3.0,4.0,COMPLETE,,669,14.0,False,UP,4,273,177,167,69,66,70,68
27139,David,Skinns,David Skinns,D. Skinns,ENG,ENG,False,T33,-11,-11.0,F,-3,-3.0,4.0,COMPLETE,,669,14.0,False,UP,4,273,139,136,72,67,66,68
35532,Tom,Hoge,Tom Hoge,T. Hoge,USA,USA,False,T33,-11,-11.0,F,-2,-2.0,4.0,COMPLETE,,669,18.0,False,DOWN,-6,273,75,74,73,64,67,69
47591,Eric,Cole,Eric Cole,E. Cole,USA,USA,False,T39,-10,-10.0,F,-6,-6.0,4.0,COMPLETE,,669,6.0,False,UP,25,274,41,42,76,63,70,65
35310,Lanto,Griffin,Lanto Griffin,L. Griffin,USA,USA,False,T39,-10,-10.0,F,-5,-5.0,4.0,COMPLETE,,669,8.0,False,UP,16,274,150,145,67,72,69,66
52514,Trace,Crowe,Trace Crowe,T. Crowe,USA,USA,False,T39,-10,-10.0,F,-4,-4.0,4.0,COMPLETE,,669,10.0,False,UP,10,274,156,148,69,69,69,67
54304,Karl,Vilips,Karl Vilips,K. Vilips,AUS,AUS,False,T39,-10,-10.0,F,-2,-2.0,4.0,COMPLETE,,669,15.0,False,DOWN,-2,274,122,122,72,65,68,69
59836,Pierceson,Coody,Pierceson Coody,Pi. Coody,USA,USA,False,T39,-10,-10.0,F,-1,-1.0,4.0,COMPLETE,,669,19.0,False,DOWN,-12,274,51,52,69,68,67,70
35461,Beau,Hossler,Beau Hossler,B. Hossler,USA,USA,False,T39,-10,-10.0,F,E,0.0,4.0,COMPLETE,,669,21.0,False,DOWN,-20,274,116,120,70,67,66,71
49964,Aaron,Wise,Aaron Wise,A. Wise,USA,USA,False,T39,-10,-10.0,F,+1,1.0,4.0,COMPLETE,,669,23.0,False,DOWN,-27,274,-,193,66,69,67,72
35506,Mackenzie,Hughes,Mackenzie Hughes,M. Hughes,CAN,CAN,False,T46,-9,-9.0,F,-5,-5.0,4.0,COMPLETE,,669,5.0,False,UP,18,275,124,124,72,67,70,66
34076,Joel,Dahmen,Joel Dahmen,J. Dahmen,USA,USA,False,T46,-9,-9.0,F,-4,-4.0,4.0,COMPLETE,,669,9.0,False,UP,9,275,115,121,66,71,71,67
49228,Keita,Nakajima,Keita Nakajima,K. Nakajima,JPN,JPN,False,T46,-9,-9.0,F,-3,-3.0,4.0,COMPLETE,,669,10.0,False,UP,3,275,144,143,70,69,68,68
36801,Mark,Hubbard,Mark Hubbard,M. Hubbard,USA,USA,False,T46,-9,-9.0,F,-3,-3.0,4.0,COMPLETE,,669,10.0,False,UP,3,275,99,101,72,67,68,68
55182,Tom,Kim,Tom Kim,T. Kim,KOR,KOR,False,T46,-9,-9.0,F,E,0.0,4.0,COMPLETE,,669,16.0,False,DOWN,-19,275,57,58,67,68,69,71
50497,Adrien,Dumont de Chassart,Adrien Dumont de Chassart,A. Dumont de Chassart,BEL,BEL,False,T51,-8,-8.0,F,-5,-5.0,4.0,COMPLETE,,669,4.0,False,UP,18,276,103,107,72,67,71,66
51950,Max,McGreevy,Max McGreevy,M. McGreevy,USA,USA,False,T51,-8,-8.0,F,-3,-3.0,4.0,COMPLETE,,669,7.0,False,UP,4,276,108,112,71,68,69,68
39546,Keith,Mitchell,Keith Mitchell,K. Mitchell,USA,USA,False,T51,-8,-8.0,F,-3,-3.0,4.0,COMPLETE,,669,8.0,False,UP,4,276,44,44,73,66,69,68
49771,J.T.,Poston,J.T. Poston,J.T. Poston,USA,USA,False,T51,-8,-8.0,F,-3,-3.0,4.0,COMPLETE,,669,9.0,False,UP,4,276,23,23,68,69,71,68
67202,Luke,Gutschewski,Luke Gutschewski,L. Gutschewski,USA,USA,False,T51,-8,-8.0,F,-2,-2.0,4.0,COMPLETE,,669,11.0,False,DOWN,-2,276,-,-,67,68,72,69
34587,Chan,Kim,Chan Kim,C. Kim,USA,USA,False,T51,-8,-8.0,F,-1,-1.0,4.0,COMPLETE,,669,12.0,False,DOWN,-7,276,176,175,68,67,71,70
34256,Andrew,Putnam,Andrew Putnam,A. Putnam,USA,USA,False,T51,-8,-8.0,F,+3,3.0,4.0,COMPLETE,,669,23.0,False,DOWN,-39,276,65,65,67,68,67,74
34046,Jordan,Spieth,Jordan Spieth,J. Spieth,USA,USA,False,T58,-7,-7.0,F,-2,-2.0,4.0,COMPLETE,,669,7.0,False,DOWN,-3,277,52,53,70,69,69,69
57362,Austin,Eckroat,Austin Eckroat,A. Eckroat,USA,USA,False,T58,-7,-7.0,F,-1,-1.0,4.0,COMPLETE,,669,11.0,False,DOWN,-9,277,110,114,71,67,69,70
50484,Hayden,Springer,Hayden Springer,H. Springer,USA,USA,False,T58,-7,-7.0,F,+1,1.0,4.0,COMPLETE,,669,13.0,False,DOWN,-21,277,127,129,66,68,71,72
34466,Peter,Malnati,Peter Malnati,P. Malnati,USA,USA,False,T58,-7,-7.0,F,E,0.0,4.0,COMPLETE,,669,13.0,False,DOWN,-14,277,163,164,71,66,69,71
29725,Tony,Finau,Tony Finau,T. Finau,USA,USA,False,T58,-7,-7.0,F,E,0.0,4.0,COMPLETE,,669,13.0,False,DOWN,-14,277,77,79,70,68,68,71
50095,Austin,Smotherman,Austin Smotherman,A. Smotherman,USA,USA,False,T58,-7,-7.0,F,+1,1.0,4.0,COMPLETE,,669,14.0,False,DOWN,-21,277,68,70,66,69,70,72
56762,Will,Gordon,Will Gordon,W. Gordon,USA,USA,False,64,-6,-6.0,F,-3,-3.0,4.0,COMPLETE,,669,4.0,False,UP,5,278,-,208,70,69,71,68
27770,Camilo,Villegas,Camilo Villegas,C. Villegas,COL,COL,False,T65,-5,-5.0,F,-3,-3.0,4.0,COMPLETE,,669,3.0,False,UP,8,279,186,188,71,67,73,68
47995,Davis,Riley,Davis Riley,D. Riley,USA,USA,False,T65,-5,-5.0,F,E,0.0,4.0,COMPLETE,,669,9.0,False,DOWN,-10,279,136,138,65,72,71,71
48001,Zach,Bauchou,Zach Bauchou,Z. Bauchou,USA,USA,False,T67,-4,-4.0,F,-2,-2.0,4.0,COMPLETE,,669,3.0,False,UP,6,280,84,85,69,70,72,69
32070,Rafael,Campos,Rafael Campos,R. Campos,PUR,PUR,False,T67,-4,-4.0,F,E,0.0,4.0,COMPLETE,,669,6.0,False,DOWN,-3,280,181,182,66,71,72,71
57123,Steven,Fisk,Steven Fisk,S. Fisk,USA,USA,False,T67,-4,-4.0,F,E,0.0,4.0,COMPLETE,,669,6.0,False,DOWN,-3,280,96,99,68,68,73,71
54576,Patrick,Fishburn,Patrick Fishburn,P. Fishburn,USA,USA,False,T67,-4,-4.0,F,+2,2.0,4.0,COMPLETE,,669,11.0,False,DOWN,-18,280,157,156,65,71,71,73
24925,Jonathan,Byrd,Jonathan Byrd,J. Byrd,USA,USA,False,T71,-3,-3.0,F,-1,-1.0,4.0,COMPLETE,,669,3.0,False,UP,2,281,205,201,69,70,72,70
50286,A.J.,Ewart,A.J. Ewart,A. Ewart,CAN,CAN,False,T71,-3,-3.0,F,+1,1.0,4.0,COMPLETE,,669,5.0,False,DOWN,-7,281,88,90,67,72,70,72
39971,Sungjae,Im,Sungjae Im,S. Im,KOR,KOR,False,T71,-3,-3.0,F,+5,5.0,4.0,COMPLETE,,669,15.0,False,DOWN,-34,281,60,60,68,69,68,76
28679,Fabián,Gómez,Fabián Gómez,F. Gómez,ARG,ARG,False,T74,-2,-2.0,F,-3,-3.0,4.0,COMPLETE,,669,1.0,False,UP,4,282,197,198,72,67,75,68
37278,Nicholas,Lindheim,Nicholas Lindheim,N. Lindheim,USA,USA,False,T74,-2,-2.0,F,-2,-2.0,4.0,COMPLETE,,669,2.0,False,UP,2,282,-,211,69,68,76,69
57124,Michael,Feagles,Michael Feagles,M. Feagles,USA,USA,False,T74,-2,-2.0,F,-2,-2.0,4.0,COMPLETE,,669,2.0,False,UP,2,282,-,-,69,70,74,69
68994,Ryan,Voois,Ryan Voois,R. Voois,USA,USA,False,77,E,0.0,F,+3,3.0,4.0,COMPLETE,,669,4.0,False,DOWN,-8,284,-,-,68,70,72,74
64442,Gordon,Sargent,Gordon Sargent,G. Sargent,USA,USA,False,78,+2,2.0,F,+5,5.0,4.0,COMPLETE,,669,5.0,False,DOWN,-9,286,164,166,67,69,74,76
28420,Ryan,Brehm,Ryan Brehm,R. Brehm,USA,USA,False,79,+4,4.0,F,+3,3.0,4.0,COMPLETE,,669,1.0,False,DOWN,-1,288,189,192,68,69,77,74
,,,,,,,,,,,,,,,,,,,,,,,,,,,,
46435,Austin,Cook,Austin Cook,A. Cook,USA,USA,False,CUT,-2,-2.0,-,-,-2.0,2.0,COMPLETE,,669,37.0,False,CONSTANT,-,140,-,-,71,69,-,-
47917,Takumi,Kanaya,Takumi Kanaya,T. Kanaya,JPN,JPN,False,CUT,-2,-2.0,-,-,-1.0,2.0,COMPLETE,,669,37.0,False,CONSTANT,-,140,131,135,70,70,-,-
40115,Adam,Svensson,Adam Svensson,A. Svensson,CAN,CAN,False,CUT,-2,-2.0,-,-,-1.0,2.0,COMPLETE,,669,25.0,True,CONSTANT,-,140,165,169,70,70,-,-
51977,Max,Greyserman,Max Greyserman,M. Greyserman,USA,USA,False,CUT,-2,-2.0,-,-,-2.0,2.0,COMPLETE,,669,38.0,False,CONSTANT,-,140,87,91,71,69,-,-
60386,Sudarshan,Yellamaraju,Sudarshan Yellamaraju,S. Yellamaraju,CAN,CAN,False,CUT,-2,-2.0,-,-,-1.0,2.0,COMPLETE,,669,39.0,False,CONSTANT,-,140,48,48,70,70,-,-
57364,Michael,Thorbjornsen,Michael Thorbjornsen,M. Thorbjornsen,USA,USA,False,CUT,-2,-2.0,-,-,1.0,2.0,COMPLETE,,669,31.0,True,CONSTANT,-,140,73,77,68,72,-,-
51600,Jimmy,Stanger,Jimmy Stanger,J. Stanger,USA,USA,False,CUT,-2,-2.0,-,-,-3.0,2.0,COMPLETE,,669,35.0,True,CONSTANT,-,140,121,126,72,68,-,-
40026,Daniel,Berger,Daniel Berger,D. Berger,USA,USA,False,CUT,-2,-2.0,-,-,1.0,2.0,COMPLETE,,669,4.0,True,CONSTANT,-,140,50,51,68,72,-,-
29221,Webb,Simpson,Webb Simpson,W. Simpson,USA,USA,False,CUT,-2,-2.0,-,-,-1.0,2.0,COMPLETE,,669,5.0,True,CONSTANT,-,140,166,170,70,70,-,-
51696,Rico,Hoey,Rico Hoey,R. Hoey,PHI,PHI,False,CUT,-2,-2.0,-,-,1.0,2.0,COMPLETE,,669,8.0,True,CONSTANT,-,140,104,110,68,72,-,-
47988,Nick,Hardy,Nick Hardy,N. Hardy,USA,USA,False,CUT,-2,-2.0,-,-,-5.0,2.0,COMPLETE,,669,21.0,False,CONSTANT,-,140,191,194,74,66,-,-
27214,Kevin,Streelman,Kevin Streelman,K. Streelman,USA,USA,False,CUT,-2,-2.0,-,-,-1.0,2.0,COMPLETE,,669,9.0,True,CONSTANT,-,140,154,157,70,70,-,-
63454,Johnny,Keefer,Johnny Keefer,J. Keefer,USA,USA,False,CUT,-2,-2.0,-,-,-2.0,2.0,COMPLETE,,669,9.0,True,CONSTANT,-,140,83,84,71,69,-,-
63807,Neal,Shipley,Neal Shipley,N. Shipley,USA,USA,False,CUT,-2,-2.0,-,-,-3.0,2.0,COMPLETE,,669,23.0,False,CONSTANT,-,140,179,184,72,68,-,-
47393,Jeffrey,Kang,Jeffrey Kang,J. Kang,USA,USA,False,CUT,-2,-2.0,-,-,-2.0,2.0,COMPLETE,,669,24.0,False,CONSTANT,-,140,151,153,71,69,-,-
54783,Dylan,Wu,Dylan Wu,D. Wu,USA,USA,False,CUT,-1,-1.0,-,-,-2.0,2.0,COMPLETE,,669,37.0,False,CONSTANT,-,141,155,158,72,69,-,-
29535,Brice,Garnett,Brice Garnett,B. Garnett,USA,USA,False,CUT,-1,-1.0,-,-,-2.0,2.0,COMPLETE,,669,38.0,False,CONSTANT,-,141,112,118,72,69,-,-
49766,Hank,Lebioda,Hank Lebioda,H. Lebioda,USA,USA,False,CUT,-1,-1.0,-,-,-1.0,2.0,COMPLETE,,669,39.0,False,CONSTANT,-,141,130,134,71,70,-,-
49947,Taylor,Moore,Taylor Moore,T. Moore,USA,USA,False,CUT,-1,-1.0,-,-,0.0,2.0,COMPLETE,,669,27.0,True,CONSTANT,-,141,81,82,70,71,-,-
60067,Joe,Highsmith,Joe Highsmith,J. Highsmith,USA,USA,False,CUT,-1,-1.0,-,-,-4.0,2.0,COMPLETE,,669,41.0,False,CONSTANT,-,141,161,165,74,67,-,-
49120,Kensei,Hirata,Kensei Hirata,K. Hirata,JPN,JPN,False,CUT,-1,-1.0,-,-,2.0,2.0,COMPLETE,,669,45.0,False,CONSTANT,-,141,153,155,68,73,-,-
29970,Dylan,Frittelli,Dylan Frittelli,D. Frittelli,RSA,RSA,False,CUT,-1,-1.0,-,-,0.0,2.0,COMPLETE,,669,33.0,True,CONSTANT,-,141,-,-,70,71,-,-
36824,Paul,Peterson,Paul Peterson,P. Peterson,USA,USA,False,CUT,-1,-1.0,-,-,-2.0,2.0,COMPLETE,,669,46.0,False,CONSTANT,-,141,145,147,72,69,-,-
66743,Luke,Clanton,Luke Clanton,L. Clanton,USA,USA,False,CUT,-1,-1.0,-,-,1.0,2.0,COMPLETE,,669,34.0,True,CONSTANT,-,141,142,144,69,72,-,-
67601,Patrick,Adler,Patrick Adler,P. Adler,USA,USA,False,CUT,-1,-1.0,-,-,0.0,2.0,COMPLETE,,669,35.0,True,CONSTANT,-,141,-,-,70,71,-,-
30927,Brendon,Todd,Brendon Todd,B. Todd,USA,USA,False,CUT,-1,-1.0,-,-,0.0,2.0,COMPLETE,,669,14.0,False,CONSTANT,-,141,209,212,70,71,-,-
35296,Haotong,Li,Haotong Li,H. Li,CHN,CHN,False,CUT,-1,-1.0,-,-,3.0,2.0,COMPLETE,,669,11.0,True,CONSTANT,-,141,109,116,67,74,-,-
47993,Denny,McCarthy,Denny McCarthy,D. McCarthy,USA,USA,False,CUT,E,0.0,-,-,0.0,2.0,COMPLETE,,669,25.0,True,CONSTANT,-,142,89,93,71,71,-,-
39975,Michael,Kim,Michael Kim,M. Kim,USA,USA,False,CUT,E,0.0,-,-,-1.0,2.0,COMPLETE,,669,26.0,True,CONSTANT,-,142,62,63,72,70,-,-
52513,Carson,Young,Carson Young,Car. Young,USA,USA,False,CUT,E,0.0,-,-,-2.0,2.0,COMPLETE,,669,27.0,True,CONSTANT,-,142,185,190,73,69,-,-
63343,Aldrich,Potgieter,Aldrich Potgieter,A. Potgieter,RSA,RSA,False,CUT,E,0.0,-,-,-3.0,2.0,COMPLETE,,669,40.0,False,CONSTANT,-,142,58,59,74,68,-,-
54421,Garrick,Higgo,Garrick Higgo,G. Higgo,RSA,RSA,False,CUT,E,0.0,-,-,0.0,2.0,COMPLETE,,669,40.0,False,CONSTANT,-,142,149,152,71,71,-,-
33413,Ben,Martin,Ben Martin,B. Martin,USA,USA,False,CUT,E,0.0,-,-,-1.0,2.0,COMPLETE,,669,31.0,True,CONSTANT,-,142,158,159,72,70,-,-
40162,Justin,Lower,Justin Lower,J. Lower,USA,USA,False,CUT,E,0.0,-,-,-1.0,2.0,COMPLETE,,669,32.0,True,CONSTANT,-,142,175,181,72,70,-,-
27936,Martin,Laird,Martin Laird,M. Laird,SCO,SCO,False,CUT,E,0.0,-,-,-1.0,2.0,COMPLETE,,669,33.0,True,CONSTANT,-,142,204,206,72,70,-,-
48153,Matthieu,Pavon,Matthieu Pavon,M. Pavon,FRA,FRA,False,CUT,E,0.0,-,-,-1.0,2.0,COMPLETE,,669,2.0,True,CONSTANT,-,142,100,108,72,70,-,-
34431,Robert,Streb,Robert Streb,R. Streb,USA,USA,False,CUT,E,0.0,-,-,0.0,2.0,COMPLETE,,669,15.0,False,CONSTANT,-,142,207,209,71,71,-,-
46443,Brian,Campbell,Brian Campbell,B. Campbell,USA,USA,False,CUT,E,0.0,-,-,1.0,2.0,COMPLETE,,669,17.0,False,CONSTANT,-,142,147,150,70,72,-,-
39335,Kevin,Roy,Kevin Roy,K. Roy,USA,USA,False,CUT,E,0.0,-,-,2.0,2.0,COMPLETE,,669,7.0,True,CONSTANT,-,142,90,95,69,73,-,-
51894,Vince,Whaley,Vince Whaley,V. Whaley,USA,USA,False,CUT,E,0.0,-,-,-4.0,2.0,COMPLETE,,669,20.0,False,CONSTANT,-,142,162,168,75,67,-,-
37076,Marcelo,Rozo,Marcelo Rozo,M. Rozo,COL,COL,False,CUT,E,0.0,-,-,-1.0,2.0,COMPLETE,,669,11.0,True,CONSTANT,-,142,195,199,72,70,-,-
32757,Patton,Kizzire,Patton Kizzire,P. Kizzire,USA,USA,False,CUT,+1,1.0,-,-,1.0,2.0,COMPLETE,,669,26.0,True,CONSTANT,-,143,152,154,71,72,-,-
51997,Andrew,Novak,Andrew Novak,A. Novak,USA,USA,False,CUT,+1,1.0,-,-,0.0,2.0,COMPLETE,,669,28.0,True,CONSTANT,-,143,76,80,72,71,-,-
55165,Noah,Goodwin,Noah Goodwin,N. Goodwin,USA,USA,False,CUT,+1,1.0,-,-,4.0,2.0,COMPLETE,,669,47.0,False,CONSTANT,-,143,-,-,68,75,-,-
40250,Taylor,Pendrith,Taylor Pendrith,T. Pendrith,CAN,CAN,False,CUT,+1,1.0,-,-,4.0,2.0,COMPLETE,,669,5.0,True,CONSTANT,-,143,92,97,68,75,-,-
66701,Jackson,Koivun,Jackson Koivun,J. Koivun,USA,USA,False,CUT,+1,1.0,-,-,-1.0,2.0,COMPLETE,,669,18.0,False,CONSTANT,-,143,-,-,73,70,-,-
35658,Kris,Ventura,Kris Ventura,K. Ventura,NOR,NOR,False,CUT,+1,1.0,-,-,3.0,2.0,COMPLETE,,669,11.0,True,CONSTANT,-,143,126,130,69,74,-,-
39327,Ben,Silverman,Ben Silverman,B. Silverman,CAN,CAN,False,CUT,+2,2.0,-,-,0.0,2.0,COMPLETE,,669,25.0,True,CONSTANT,-,144,146,149,73,71,-,-
47347,Adam,Schenk,Adam Schenk,A. Schenk,USA,USA,False,CUT,+2,2.0,-,-,2.0,2.0,COMPLETE,,669,41.0,False,CONSTANT,-,144,143,146,71,73,-,-
33399,Adam,Hadwin,Adam Hadwin,A. Hadwin,CAN,CAN,False,CUT,+2,2.0,-,-,0.0,2.0,COMPLETE,,669,44.0,False,CONSTANT,-,144,173,179,73,71,-,-
55573,John,VanDerLaan,John VanDerLaan,J. VanDerLaan,USA,USA,False,CUT,+2,2.0,-,-,-1.0,2.0,COMPLETE,,669,45.0,False,CONSTANT,-,144,169,174,74,70,-,-
52372,Cameron,Champ,Cameron Champ,C. Champ,USA,USA,False,CUT,+2,2.0,-,-,1.0,2.0,COMPLETE,,669,33.0,True,CONSTANT,-,144,-,-,72,72,-,-
38991,Alejandro,Tosti,Alejandro Tosti,A. Tosti,ARG,ARG,False,CUT,+2,2.0,-,-,-1.0,2.0,COMPLETE,,669,36.0,True,CONSTANT,-,144,183,187,74,70,-,-
36724,Augusto,Núñez,Augusto Núñez,A. Núñez,ARG,ARG,False,CUT,+2,2.0,-,-,0.0,2.0,COMPLETE,,669,36.0,True,CONSTANT,-,144,-,-,73,71,-,-
27129,Luke,List,Luke List,L. List,USA,USA,False,CUT,+2,2.0,-,-,-1.0,2.0,COMPLETE,,669,1.0,True,CONSTANT,-,144,192,195,74,70,-,-
47983,Chad,Ramey,Chad Ramey,C. Ramey,USA,USA,False,CUT,+4,4.0,-,-,2.0,2.0,COMPLETE,,669,43.0,False,CONSTANT,-,146,120,125,73,73,-,-
33968,Thorbjørn,Olesen,Thorbjørn Olesen,T. Olesen,DEN,DEN,False,CUT,+4,4.0,-,-,0.0,2.0,COMPLETE,,669,43.0,False,CONSTANT,-,146,159,161,75,71,-,-
29289,S.Y.,Noh,S.Y. Noh,S. Noh,KOR,KOR,False,CUT,+4,4.0,-,-,1.0,2.0,COMPLETE,,669,3.0,True,CONSTANT,-,146,172,177,74,72,-,-
68607,Mason,Howell,Mason Howell,M. Howell,USA,USA,True,CUT,+5,5.0,-,-,4.0,2.0,COMPLETE,,669,34.0,True,CONSTANT,-,147,-,-,72,75,-,-
54788,Chandler,Blanchet,Chandler Blanchet,C. Blanchet,USA,USA,False,CUT,+5,5.0,-,-,6.0,2.0,COMPLETE,,669,12.0,True,CONSTANT,-,147,94,98,70,77,-,-
50582,Jeremy,Paul,Jeremy Paul,J. Paul,GER,GER,False,CUT,+7,7.0,-,-,6.0,2.0,COMPLETE,,669,46.0,False,CONSTANT,-,149,178,183,72,77,-,-
54422,Christo,Lamprecht,Christo Lamprecht,C. Lamprecht,RSA,RSA,False,CUT,+7,7.0,-,-,1.0,2.0,COMPLETE,,669,22.0,False,CONSTANT,-,149,184,189,77,72,-,-
54607,Danny,Walker,Danny Walker,D. Walker,USA,USA,False,CUT,+11,11.0,-,-,1.0,2.0,COMPLETE,,669,32.0,True,CONSTANT,-,153,148,151,81,72,-,-
52497,Darin,Fisher,Darin Fisher,D. Fisher,USA,USA,False,CUT,+14,14.0,-,-,7.0,2.0,COMPLETE,,669,24.0,False,CONSTANT,-,156,-,-,78,78,-,-
28252,Seamus,Power,Seamus Power,S. Power,IRL,IRL,False,WD,-,9999.0,-,-,10000.0,-1.0,WITHDRAWN,,669,7.0,True,CONSTANT,-,77,113,119,77,-,-,-
